DISTLP2,static,4,0,0
DISTLP2,static,4,0,1
DISTLP2,static,4,0,2
DISTLP2,static,4,0,3
DISTLP2,static,4,0,4
DISTLP2,static,4,0,5
DISTLP2,static,4,0,6
DISTLP2,static,4,0,7
DISTLP2,static,4,0,8
DISTLP2,static,4,0,9
DISTLP2,static,4,0,10
DISTLP2,static,4,0,11
DISTLP2,static,4,0,12
DISTLP2,static,4,0,13
DISTLP2,static,4,0,14
DISTLP2,static,4,0,15
DISTLP2,static,4,0,16
DISTLP2,static,4,0,17
DISTLP2,static,4,0,18
DISTLP2,static,4,0,19
DISTLP2,static,4,0,20
DISTLP2,static,4,0,21
DISTLP2,static,4,0,22
DISTLP2,static,4,0,23
DISTLP2,static,4,0,24
DISTLP2,static,4,0,25
DISTLP2,static,4,0,26
DISTLP2,static,4,0,27
DISTLP2,static,4,0,28
DISTLP2,static,4,0,29
DISTLP2,static,4,0,30
DISTLP2,static,4,0,31
DISTLP2,static,4,0,32
DISTLP2,static,4,0,33
DISTLP2,static,4,0,34
DISTLP2,static,4,0,35
DISTLP2,static,4,0,36
DISTLP2,static,4,0,37
DISTLP2,static,4,0,38
DISTLP2,static,4,0,39
DISTLP2,static,4,0,40
DISTLP2,static,4,0,41
DISTLP2,static,4,0,42
DISTLP2,static,4,0,43
DISTLP2,static,4,0,44
DISTLP2,static,4,0,45
DISTLP2,static,4,0,46
DISTLP2,static,4,0,47
DISTLP2,static,4,0,48
DISTLP2,static,4,0,49
DISTLP2,static,4,0,50
DISTLP2,static,4,0,51
DISTLP2,static,4,0,52
DISTLP2,static,4,0,53
DISTLP2,static,4,0,54
DISTLP2,static,4,0,55
DISTLP2,static,4,0,56
DISTLP2,static,4,0,57
DISTLP2,static,4,0,58
DISTLP2,static,4,0,59
DISTLP2,static,4,0,60
DISTLP2,static,4,0,61
DISTLP2,static,4,0,62
DISTLP2,static,4,0,63
DISTLP2,static,4,0,64
DISTLP2,static,4,0,65
DISTLP2,static,4,0,66
DISTLP2,static,4,0,67
DISTLP2,static,4,0,68
DISTLP2,static,4,0,69
DISTLP2,static,4,0,70
DISTLP2,static,4,0,71
DISTLP2,static,4,0,72
DISTLP2,static,4,0,73
DISTLP2,static,4,0,74
DISTLP2,static,4,0,75
DISTLP2,static,4,0,76
DISTLP2,static,4,0,77
DISTLP2,static,4,0,78
DISTLP2,static,4,0,79
DISTLP2,static,4,0,80
DISTLP2,static,4,0,81
DISTLP2,static,4,0,82
DISTLP2,static,4,0,83
DISTLP2,static,4,0,84
DISTLP2,static,4,0,85
DISTLP2,static,4,0,86
DISTLP2,static,4,0,87
DISTLP2,static,4,0,88
DISTLP2,static,4,0,89
DISTLP2,static,4,0,90
DISTLP2,static,4,0,91
DISTLP2,static,4,0,92
DISTLP2,static,4,0,93
DISTLP2,static,4,0,94
DISTLP2,static,4,0,95
DISTLP2,static,4,0,96
DISTLP2,static,4,0,97
DISTLP2,static,4,0,98
DISTLP2,static,4,0,99
DISTLP2,static,4,0,100
DISTLP2,static,4,0,101
DISTLP2,static,4,0,102
DISTLP2,static,4,0,103
DISTLP2,static,4,0,104
DISTLP2,static,4,0,105
DISTLP2,static,4,0,106
DISTLP2,static,4,0,107
DISTLP2,static,4,0,108
DISTLP2,static,4,0,109
DISTLP2,static,4,0,110
DISTLP2,static,4,0,111
DISTLP2,static,4,0,112
DISTLP2,static,4,0,113
DISTLP2,static,4,0,114
DISTLP2,static,4,0,115
DISTLP2,static,4,0,116
DISTLP2,static,4,0,117
DISTLP2,static,4,0,118
DISTLP2,static,4,0,119
DISTLP2,static,4,0,120
DISTLP2,static,4,0,121
DISTLP2,static,4,0,122
DISTLP2,static,4,0,123
DISTLP2,static,4,0,124
DISTLP2,static,4,0,125
DISTLP2,static,4,0,126
DISTLP2,static,4,0,127
DISTLP2,static,4,0,128
DISTLP2,static,4,0,129
DISTLP2,static,4,0,130
DISTLP2,static,4,0,131
DISTLP2,static,4,0,132
DISTLP2,static,4,0,133
DISTLP2,static,4,0,134
DISTLP2,static,4,0,135
DISTLP2,static,4,0,136
DISTLP2,static,4,0,137
DISTLP2,static,4,0,138
DISTLP2,static,4,0,139
DISTLP2,static,4,0,140
DISTLP2,static,4,0,141
DISTLP2,static,4,0,142
DISTLP2,static,4,0,143
DISTLP2,static,4,0,144
DISTLP2,static,4,0,145
DISTLP2,static,4,0,146
DISTLP2,static,4,0,147
DISTLP2,static,4,0,148
DISTLP2,static,4,0,149
DISTLP2,static,4,0,150
DISTLP2,static,4,0,151
DISTLP2,static,4,0,152
DISTLP2,static,4,0,153
DISTLP2,static,4,0,154
DISTLP2,static,4,0,155
DISTLP2,static,4,0,156
DISTLP2,static,4,0,157
DISTLP2,static,4,0,158
DISTLP2,static,4,0,159
DISTLP2,static,4,0,160
DISTLP2,static,4,0,161
DISTLP2,static,4,0,162
DISTLP2,static,4,0,163
DISTLP2,static,4,0,164
DISTLP2,static,4,0,165
DISTLP2,static,4,0,166
DISTLP2,static,4,0,167
DISTLP2,static,4,0,168
DISTLP2,static,4,0,169
DISTLP2,static,4,0,170
DISTLP2,static,4,0,171
DISTLP2,static,4,0,172
DISTLP2,static,4,0,173
DISTLP2,static,4,0,174
DISTLP2,static,4,0,175
DISTLP2,static,4,0,176
DISTLP2,static,4,0,177
DISTLP2,static,4,0,178
DISTLP2,static,4,0,179
DISTLP2,static,4,0,180
DISTLP2,static,4,0,181
DISTLP2,static,4,0,182
DISTLP2,static,4,1,183
DISTLP2,static,4,1,184
DISTLP2,static,4,1,185
DISTLP2,static,4,1,186
DISTLP2,static,4,1,187
DISTLP2,static,4,1,188
DISTLP2,static,4,1,189
DISTLP2,static,4,1,190
DISTLP2,static,4,1,191
DISTLP2,static,4,1,192
DISTLP2,static,4,1,193
DISTLP2,static,4,1,194
DISTLP2,static,4,1,195
DISTLP2,static,4,1,196
DISTLP2,static,4,1,197
DISTLP2,static,4,1,198
DISTLP2,static,4,1,199
DISTLP2,static,4,1,200
DISTLP2,static,4,1,201
DISTLP2,static,4,1,202
DISTLP2,static,4,1,203
DISTLP2,static,4,1,204
DISTLP2,static,4,1,205
DISTLP2,static,4,1,206
DISTLP2,static,4,1,207
DISTLP2,static,4,1,208
DISTLP2,static,4,1,209
DISTLP2,static,4,1,210
DISTLP2,static,4,1,211
DISTLP2,static,4,1,212
DISTLP2,static,4,1,213
DISTLP2,static,4,1,214
DISTLP2,static,4,1,215
DISTLP2,static,4,1,216
DISTLP2,static,4,1,217
DISTLP2,static,4,1,218
DISTLP2,static,4,1,219
DISTLP2,static,4,1,220
DISTLP2,static,4,1,221
DISTLP2,static,4,1,222
DISTLP2,static,4,1,223
DISTLP2,static,4,1,224
DISTLP2,static,4,1,225
DISTLP2,static,4,1,226
DISTLP2,static,4,1,227
DISTLP2,static,4,1,228
DISTLP2,static,4,1,229
DISTLP2,static,4,1,230
DISTLP2,static,4,1,231
DISTLP2,static,4,1,232
DISTLP2,static,4,1,233
DISTLP2,static,4,1,234
DISTLP2,static,4,1,235
DISTLP2,static,4,1,236
DISTLP2,static,4,1,237
DISTLP2,static,4,1,238
DISTLP2,static,4,1,239
DISTLP2,static,4,1,240
DISTLP2,static,4,1,241
DISTLP2,static,4,1,242
DISTLP2,static,4,1,243
DISTLP2,static,4,1,244
DISTLP2,static,4,1,245
DISTLP2,static,4,1,246
DISTLP2,static,4,1,247
DISTLP2,static,4,1,248
DISTLP2,static,4,1,249
DISTLP2,static,4,1,250
DISTLP2,static,4,1,251
DISTLP2,static,4,1,252
DISTLP2,static,4,1,253
DISTLP2,static,4,1,254
DISTLP2,static,4,1,255
DISTLP2,static,4,1,256
DISTLP2,static,4,1,257
DISTLP2,static,4,1,258
DISTLP2,static,4,1,259
DISTLP2,static,4,1,260
DISTLP2,static,4,1,261
DISTLP2,static,4,1,262
DISTLP2,static,4,1,263
DISTLP2,static,4,1,264
DISTLP2,static,4,1,265
DISTLP2,static,4,1,266
DISTLP2,static,4,1,267
DISTLP2,static,4,1,268
DISTLP2,static,4,1,269
DISTLP2,static,4,1,270
DISTLP2,static,4,1,271
DISTLP2,static,4,1,272
DISTLP2,static,4,1,273
DISTLP2,static,4,1,274
DISTLP2,static,4,1,275
DISTLP2,static,4,1,276
DISTLP2,static,4,1,277
DISTLP2,static,4,1,278
DISTLP2,static,4,1,279
DISTLP2,static,4,1,280
DISTLP2,static,4,1,281
DISTLP2,static,4,1,282
DISTLP2,static,4,1,283
DISTLP2,static,4,1,284
DISTLP2,static,4,1,285
DISTLP2,static,4,1,286
DISTLP2,static,4,1,287
DISTLP2,static,4,1,288
DISTLP2,static,4,1,289
DISTLP2,static,4,1,290
DISTLP2,static,4,1,291
DISTLP2,static,4,1,292
DISTLP2,static,4,1,293
DISTLP2,static,4,1,294
DISTLP2,static,4,1,295
DISTLP2,static,4,1,296
DISTLP2,static,4,1,297
DISTLP2,static,4,1,298
DISTLP2,static,4,1,299
DISTLP2,static,4,1,300
DISTLP2,static,4,1,301
DISTLP2,static,4,1,302
DISTLP2,static,4,1,303
DISTLP2,static,4,1,304
DISTLP2,static,4,1,305
DISTLP2,static,4,1,306
DISTLP2,static,4,1,307
DISTLP2,static,4,1,308
DISTLP2,static,4,1,309
DISTLP2,static,4,1,310
DISTLP2,static,4,1,311
DISTLP2,static,4,1,312
DISTLP2,static,4,1,313
DISTLP2,static,4,1,314
DISTLP2,static,4,1,315
DISTLP2,static,4,1,316
DISTLP2,static,4,1,317
DISTLP2,static,4,1,318
DISTLP2,static,4,1,319
DISTLP2,static,4,1,320
DISTLP2,static,4,1,321
DISTLP2,static,4,1,322
DISTLP2,static,4,1,323
DISTLP2,static,4,1,324
DISTLP2,static,4,1,325
DISTLP2,static,4,1,326
DISTLP2,static,4,1,327
DISTLP2,static,4,1,328
DISTLP2,static,4,1,329
DISTLP2,static,4,1,330
DISTLP2,static,4,1,331
DISTLP2,static,4,1,332
DISTLP2,static,4,1,333
DISTLP2,static,4,1,334
DISTLP2,static,4,1,335
DISTLP2,static,4,1,336
DISTLP2,static,4,1,337
DISTLP2,static,4,1,338
DISTLP2,static,4,1,339
DISTLP2,static,4,1,340
DISTLP2,static,4,1,341
DISTLP2,static,4,1,342
DISTLP2,static,4,1,343
DISTLP2,static,4,1,344
DISTLP2,static,4,1,345
DISTLP2,static,4,1,346
DISTLP2,static,4,1,347
DISTLP2,static,4,1,348
DISTLP2,static,4,1,349
DISTLP2,static,4,1,350
DISTLP2,static,4,1,351
DISTLP2,static,4,1,352
DISTLP2,static,4,1,353
DISTLP2,static,4,1,354
DISTLP2,static,4,1,355
DISTLP2,static,4,1,356
DISTLP2,static,4,1,357
DISTLP2,static,4,1,358
DISTLP2,static,4,1,359
DISTLP2,static,4,1,360
DISTLP2,static,4,1,361
DISTLP2,static,4,1,362
DISTLP2,static,4,1,363
DISTLP2,static,4,1,364
DISTLP2,static,4,2,365
DISTLP2,static,4,2,366
DISTLP2,static,4,2,367
DISTLP2,static,4,2,368
DISTLP2,static,4,2,369
DISTLP2,static,4,2,370
DISTLP2,static,4,2,371
DISTLP2,static,4,2,372
DISTLP2,static,4,2,373
DISTLP2,static,4,2,374
DISTLP2,static,4,2,375
DISTLP2,static,4,2,376
DISTLP2,static,4,2,377
DISTLP2,static,4,2,378
DISTLP2,static,4,2,379
DISTLP2,static,4,2,380
DISTLP2,static,4,2,381
DISTLP2,static,4,2,382
DISTLP2,static,4,2,383
DISTLP2,static,4,2,384
DISTLP2,static,4,2,385
DISTLP2,static,4,2,386
DISTLP2,static,4,2,387
DISTLP2,static,4,2,388
DISTLP2,static,4,2,389
DISTLP2,static,4,2,390
DISTLP2,static,4,2,391
DISTLP2,static,4,2,392
DISTLP2,static,4,2,393
DISTLP2,static,4,2,394
DISTLP2,static,4,2,395
DISTLP2,static,4,2,396
DISTLP2,static,4,2,397
DISTLP2,static,4,2,398
DISTLP2,static,4,2,399
DISTLP2,static,4,2,400
DISTLP2,static,4,2,401
DISTLP2,static,4,2,402
DISTLP2,static,4,2,403
DISTLP2,static,4,2,404
DISTLP2,static,4,2,405
DISTLP2,static,4,2,406
DISTLP2,static,4,2,407
DISTLP2,static,4,2,408
DISTLP2,static,4,2,409
DISTLP2,static,4,2,410
DISTLP2,static,4,2,411
DISTLP2,static,4,2,412
DISTLP2,static,4,2,413
DISTLP2,static,4,2,414
DISTLP2,static,4,2,415
DISTLP2,static,4,2,416
DISTLP2,static,4,2,417
DISTLP2,static,4,2,418
DISTLP2,static,4,2,419
DISTLP2,static,4,2,420
DISTLP2,static,4,2,421
DISTLP2,static,4,2,422
DISTLP2,static,4,2,423
DISTLP2,static,4,2,424
DISTLP2,static,4,2,425
DISTLP2,static,4,2,426
DISTLP2,static,4,2,427
DISTLP2,static,4,2,428
DISTLP2,static,4,2,429
DISTLP2,static,4,2,430
DISTLP2,static,4,2,431
DISTLP2,static,4,2,432
DISTLP2,static,4,2,433
DISTLP2,static,4,2,434
DISTLP2,static,4,2,435
DISTLP2,static,4,2,436
DISTLP2,static,4,2,437
DISTLP2,static,4,2,438
DISTLP2,static,4,2,439
DISTLP2,static,4,2,440
DISTLP2,static,4,2,441
DISTLP2,static,4,2,442
DISTLP2,static,4,2,443
DISTLP2,static,4,2,444
DISTLP2,static,4,2,445
DISTLP2,static,4,2,446
DISTLP2,static,4,2,447
DISTLP2,static,4,2,448
DISTLP2,static,4,2,449
DISTLP2,static,4,2,450
DISTLP2,static,4,2,451
DISTLP2,static,4,2,452
DISTLP2,static,4,2,453
DISTLP2,static,4,2,454
DISTLP2,static,4,2,455
DISTLP2,static,4,2,456
DISTLP2,static,4,2,457
DISTLP2,static,4,2,458
DISTLP2,static,4,2,459
DISTLP2,static,4,2,460
DISTLP2,static,4,2,461
DISTLP2,static,4,2,462
DISTLP2,static,4,2,463
DISTLP2,static,4,2,464
DISTLP2,static,4,2,465
DISTLP2,static,4,2,466
DISTLP2,static,4,2,467
DISTLP2,static,4,2,468
DISTLP2,static,4,2,469
DISTLP2,static,4,2,470
DISTLP2,static,4,2,471
DISTLP2,static,4,2,472
DISTLP2,static,4,2,473
DISTLP2,static,4,2,474
DISTLP2,static,4,2,475
DISTLP2,static,4,2,476
DISTLP2,static,4,2,477
DISTLP2,static,4,2,478
DISTLP2,static,4,2,479
DISTLP2,static,4,2,480
DISTLP2,static,4,2,481
DISTLP2,static,4,2,482
DISTLP2,static,4,2,483
DISTLP2,static,4,2,484
DISTLP2,static,4,2,485
DISTLP2,static,4,2,486
DISTLP2,static,4,2,487
DISTLP2,static,4,2,488
DISTLP2,static,4,2,489
DISTLP2,static,4,2,490
DISTLP2,static,4,2,491
DISTLP2,static,4,2,492
DISTLP2,static,4,2,493
DISTLP2,static,4,2,494
DISTLP2,static,4,2,495
DISTLP2,static,4,2,496
DISTLP2,static,4,2,497
DISTLP2,static,4,2,498
DISTLP2,static,4,2,499
DISTLP2,static,4,2,500
DISTLP2,static,4,2,501
DISTLP2,static,4,2,502
DISTLP2,static,4,2,503
DISTLP2,static,4,2,504
DISTLP2,static,4,2,505
DISTLP2,static,4,2,506
DISTLP2,static,4,2,507
DISTLP2,static,4,2,508
DISTLP2,static,4,2,509
DISTLP2,static,4,2,510
DISTLP2,static,4,2,511
DISTLP2,static,4,2,512
DISTLP2,static,4,2,513
DISTLP2,static,4,2,514
DISTLP2,static,4,2,515
DISTLP2,static,4,2,516
DISTLP2,static,4,2,517
DISTLP2,static,4,2,518
DISTLP2,static,4,2,519
DISTLP2,static,4,2,520
DISTLP2,static,4,2,521
DISTLP2,static,4,2,522
DISTLP2,static,4,2,523
DISTLP2,static,4,2,524
DISTLP2,static,4,2,525
DISTLP2,static,4,2,526
DISTLP2,static,4,2,527
DISTLP2,static,4,2,528
DISTLP2,static,4,2,529
DISTLP2,static,4,2,530
DISTLP2,static,4,2,531
DISTLP2,static,4,2,532
DISTLP2,static,4,2,533
DISTLP2,static,4,2,534
DISTLP2,static,4,2,535
DISTLP2,static,4,2,536
DISTLP2,static,4,2,537
DISTLP2,static,4,2,538
DISTLP2,static,4,2,539
DISTLP2,static,4,2,540
DISTLP2,static,4,2,541
DISTLP2,static,4,2,542
DISTLP2,static,4,2,543
DISTLP2,static,4,2,544
DISTLP2,static,4,2,545
DISTLP2,static,4,2,546
DISTLP2,static,4,3,547
DISTLP2,static,4,3,548
DISTLP2,static,4,3,549
DISTLP2,static,4,3,550
DISTLP2,static,4,3,551
DISTLP2,static,4,3,552
DISTLP2,static,4,3,553
DISTLP2,static,4,3,554
DISTLP2,static,4,3,555
DISTLP2,static,4,3,556
DISTLP2,static,4,3,557
DISTLP2,static,4,3,558
DISTLP2,static,4,3,559
DISTLP2,static,4,3,560
DISTLP2,static,4,3,561
DISTLP2,static,4,3,562
DISTLP2,static,4,3,563
DISTLP2,static,4,3,564
DISTLP2,static,4,3,565
DISTLP2,static,4,3,566
DISTLP2,static,4,3,567
DISTLP2,static,4,3,568
DISTLP2,static,4,3,569
DISTLP2,static,4,3,570
DISTLP2,static,4,3,571
DISTLP2,static,4,3,572
DISTLP2,static,4,3,573
DISTLP2,static,4,3,574
DISTLP2,static,4,3,575
DISTLP2,static,4,3,576
DISTLP2,static,4,3,577
DISTLP2,static,4,3,578
DISTLP2,static,4,3,579
DISTLP2,static,4,3,580
DISTLP2,static,4,3,581
DISTLP2,static,4,3,582
DISTLP2,static,4,3,583
DISTLP2,static,4,3,584
DISTLP2,static,4,3,585
DISTLP2,static,4,3,586
DISTLP2,static,4,3,587
DISTLP2,static,4,3,588
DISTLP2,static,4,3,589
DISTLP2,static,4,3,590
DISTLP2,static,4,3,591
DISTLP2,static,4,3,592
DISTLP2,static,4,3,593
DISTLP2,static,4,3,594
DISTLP2,static,4,3,595
DISTLP2,static,4,3,596
DISTLP2,static,4,3,597
DISTLP2,static,4,3,598
DISTLP2,static,4,3,599
DISTLP2,static,4,3,600
DISTLP2,static,4,3,601
DISTLP2,static,4,3,602
DISTLP2,static,4,3,603
DISTLP2,static,4,3,604
DISTLP2,static,4,3,605
DISTLP2,static,4,3,606
DISTLP2,static,4,3,607
DISTLP2,static,4,3,608
DISTLP2,static,4,3,609
DISTLP2,static,4,3,610
DISTLP2,static,4,3,611
DISTLP2,static,4,3,612
DISTLP2,static,4,3,613
DISTLP2,static,4,3,614
DISTLP2,static,4,3,615
DISTLP2,static,4,3,616
DISTLP2,static,4,3,617
DISTLP2,static,4,3,618
DISTLP2,static,4,3,619
DISTLP2,static,4,3,620
DISTLP2,static,4,3,621
DISTLP2,static,4,3,622
DISTLP2,static,4,3,623
DISTLP2,static,4,3,624
DISTLP2,static,4,3,625
DISTLP2,static,4,3,626
DISTLP2,static,4,3,627
DISTLP2,static,4,3,628
DISTLP2,static,4,3,629
DISTLP2,static,4,3,630
DISTLP2,static,4,3,631
DISTLP2,static,4,3,632
DISTLP2,static,4,3,633
DISTLP2,static,4,3,634
DISTLP2,static,4,3,635
DISTLP2,static,4,3,636
DISTLP2,static,4,3,637
DISTLP2,static,4,3,638
DISTLP2,static,4,3,639
DISTLP2,static,4,3,640
DISTLP2,static,4,3,641
DISTLP2,static,4,3,642
DISTLP2,static,4,3,643
DISTLP2,static,4,3,644
DISTLP2,static,4,3,645
DISTLP2,static,4,3,646
DISTLP2,static,4,3,647
DISTLP2,static,4,3,648
DISTLP2,static,4,3,649
DISTLP2,static,4,3,650
DISTLP2,static,4,3,651
DISTLP2,static,4,3,652
DISTLP2,static,4,3,653
DISTLP2,static,4,3,654
DISTLP2,static,4,3,655
DISTLP2,static,4,3,656
DISTLP2,static,4,3,657
DISTLP2,static,4,3,658
DISTLP2,static,4,3,659
DISTLP2,static,4,3,660
DISTLP2,static,4,3,661
DISTLP2,static,4,3,662
DISTLP2,static,4,3,663
DISTLP2,static,4,3,664
DISTLP2,static,4,3,665
DISTLP2,static,4,3,666
DISTLP2,static,4,3,667
DISTLP2,static,4,3,668
DISTLP2,static,4,3,669
DISTLP2,static,4,3,670
DISTLP2,static,4,3,671
DISTLP2,static,4,3,672
DISTLP2,static,4,3,673
DISTLP2,static,4,3,674
DISTLP2,static,4,3,675
DISTLP2,static,4,3,676
DISTLP2,static,4,3,677
DISTLP2,static,4,3,678
DISTLP2,static,4,3,679
DISTLP2,static,4,3,680
DISTLP2,static,4,3,681
DISTLP2,static,4,3,682
DISTLP2,static,4,3,683
DISTLP2,static,4,3,684
DISTLP2,static,4,3,685
DISTLP2,static,4,3,686
DISTLP2,static,4,3,687
DISTLP2,static,4,3,688
DISTLP2,static,4,3,689
DISTLP2,static,4,3,690
DISTLP2,static,4,3,691
DISTLP2,static,4,3,692
DISTLP2,static,4,3,693
DISTLP2,static,4,3,694
DISTLP2,static,4,3,695
DISTLP2,static,4,3,696
DISTLP2,static,4,3,697
DISTLP2,static,4,3,698
DISTLP2,static,4,3,699
DISTLP2,static,4,3,700
DISTLP2,static,4,3,701
DISTLP2,static,4,3,702
DISTLP2,static,4,3,703
DISTLP2,static,4,3,704
DISTLP2,static,4,3,705
DISTLP2,static,4,3,706
DISTLP2,static,4,3,707
DISTLP2,static,4,3,708
DISTLP2,static,4,3,709
DISTLP2,static,4,3,710
DISTLP2,static,4,3,711
DISTLP2,static,4,3,712
DISTLP2,static,4,3,713
DISTLP2,static,4,3,714
DISTLP2,static,4,3,715
DISTLP2,static,4,3,716
DISTLP2,static,4,3,717
DISTLP2,static,4,3,718
DISTLP2,static,4,3,719
DISTLP2,static,4,3,720
DISTLP2,static,4,3,721
DISTLP2,static,4,3,722
DISTLP2,static,4,3,723
DISTLP2,static,4,3,724
DISTLP2,static,4,3,725
DISTLP2,static,4,3,726
DISTLP2,static,4,3,727
DISTLP2,static,4,3,728
