DISTLP2,dynamic-16,12,8,0
DISTLP2,dynamic-16,12,8,1
DISTLP2,dynamic-16,12,8,2
DISTLP2,dynamic-16,12,8,3
DISTLP2,dynamic-16,12,8,4
DISTLP2,dynamic-16,12,8,5
DISTLP2,dynamic-16,12,8,6
DISTLP2,dynamic-16,12,8,7
DISTLP2,dynamic-16,12,8,8
DISTLP2,dynamic-16,12,8,9
DISTLP2,dynamic-16,12,8,10
DISTLP2,dynamic-16,12,8,11
DISTLP2,dynamic-16,12,8,12
DISTLP2,dynamic-16,12,8,13
DISTLP2,dynamic-16,12,8,14
DISTLP2,dynamic-16,12,8,15
DISTLP2,dynamic-16,12,9,16
DISTLP2,dynamic-16,12,9,17
DISTLP2,dynamic-16,12,9,18
DISTLP2,dynamic-16,12,9,19
DISTLP2,dynamic-16,12,9,20
DISTLP2,dynamic-16,12,9,21
DISTLP2,dynamic-16,12,9,22
DISTLP2,dynamic-16,12,9,23
DISTLP2,dynamic-16,12,9,24
DISTLP2,dynamic-16,12,9,25
DISTLP2,dynamic-16,12,9,26
DISTLP2,dynamic-16,12,9,27
DISTLP2,dynamic-16,12,9,28
DISTLP2,dynamic-16,12,9,29
DISTLP2,dynamic-16,12,9,30
DISTLP2,dynamic-16,12,9,31
DISTLP2,dynamic-16,12,11,32
DISTLP2,dynamic-16,12,11,33
DISTLP2,dynamic-16,12,11,34
DISTLP2,dynamic-16,12,11,35
DISTLP2,dynamic-16,12,11,36
DISTLP2,dynamic-16,12,11,37
DISTLP2,dynamic-16,12,11,38
DISTLP2,dynamic-16,12,11,39
DISTLP2,dynamic-16,12,11,40
DISTLP2,dynamic-16,12,11,41
DISTLP2,dynamic-16,12,11,42
DISTLP2,dynamic-16,12,11,43
DISTLP2,dynamic-16,12,11,44
DISTLP2,dynamic-16,12,11,45
DISTLP2,dynamic-16,12,11,46
DISTLP2,dynamic-16,12,11,47
DISTLP2,dynamic-16,12,7,48
DISTLP2,dynamic-16,12,7,49
DISTLP2,dynamic-16,12,7,50
DISTLP2,dynamic-16,12,7,51
DISTLP2,dynamic-16,12,7,52
DISTLP2,dynamic-16,12,7,53
DISTLP2,dynamic-16,12,7,54
DISTLP2,dynamic-16,12,7,55
DISTLP2,dynamic-16,12,7,56
DISTLP2,dynamic-16,12,7,57
DISTLP2,dynamic-16,12,7,58
DISTLP2,dynamic-16,12,7,59
DISTLP2,dynamic-16,12,7,60
DISTLP2,dynamic-16,12,7,61
DISTLP2,dynamic-16,12,7,62
DISTLP2,dynamic-16,12,7,63
DISTLP2,dynamic-16,12,4,64
DISTLP2,dynamic-16,12,4,65
DISTLP2,dynamic-16,12,4,66
DISTLP2,dynamic-16,12,4,67
DISTLP2,dynamic-16,12,4,68
DISTLP2,dynamic-16,12,4,69
DISTLP2,dynamic-16,12,4,70
DISTLP2,dynamic-16,12,4,71
DISTLP2,dynamic-16,12,4,72
DISTLP2,dynamic-16,12,4,73
DISTLP2,dynamic-16,12,4,74
DISTLP2,dynamic-16,12,4,75
DISTLP2,dynamic-16,12,4,76
DISTLP2,dynamic-16,12,4,77
DISTLP2,dynamic-16,12,4,78
DISTLP2,dynamic-16,12,4,79
DISTLP2,dynamic-16,12,5,80
DISTLP2,dynamic-16,12,5,81
DISTLP2,dynamic-16,12,5,82
DISTLP2,dynamic-16,12,5,83
DISTLP2,dynamic-16,12,5,84
DISTLP2,dynamic-16,12,5,85
DISTLP2,dynamic-16,12,5,86
DISTLP2,dynamic-16,12,5,87
DISTLP2,dynamic-16,12,5,88
DISTLP2,dynamic-16,12,5,89
DISTLP2,dynamic-16,12,5,90
DISTLP2,dynamic-16,12,5,91
DISTLP2,dynamic-16,12,5,92
DISTLP2,dynamic-16,12,5,93
DISTLP2,dynamic-16,12,5,94
DISTLP2,dynamic-16,12,5,95
DISTLP2,dynamic-16,12,3,96
DISTLP2,dynamic-16,12,3,97
DISTLP2,dynamic-16,12,3,98
DISTLP2,dynamic-16,12,3,99
DISTLP2,dynamic-16,12,3,100
DISTLP2,dynamic-16,12,3,101
DISTLP2,dynamic-16,12,3,102
DISTLP2,dynamic-16,12,3,103
DISTLP2,dynamic-16,12,3,104
DISTLP2,dynamic-16,12,3,105
DISTLP2,dynamic-16,12,3,106
DISTLP2,dynamic-16,12,3,107
DISTLP2,dynamic-16,12,3,108
DISTLP2,dynamic-16,12,3,109
DISTLP2,dynamic-16,12,3,110
DISTLP2,dynamic-16,12,3,111
DISTLP2,dynamic-16,12,6,112
DISTLP2,dynamic-16,12,6,113
DISTLP2,dynamic-16,12,6,114
DISTLP2,dynamic-16,12,6,115
DISTLP2,dynamic-16,12,6,116
DISTLP2,dynamic-16,12,6,117
DISTLP2,dynamic-16,12,6,118
DISTLP2,dynamic-16,12,6,119
DISTLP2,dynamic-16,12,6,120
DISTLP2,dynamic-16,12,6,121
DISTLP2,dynamic-16,12,6,122
DISTLP2,dynamic-16,12,6,123
DISTLP2,dynamic-16,12,6,124
DISTLP2,dynamic-16,12,6,125
DISTLP2,dynamic-16,12,6,126
DISTLP2,dynamic-16,12,6,127
DISTLP2,dynamic-16,12,10,128
DISTLP2,dynamic-16,12,10,129
DISTLP2,dynamic-16,12,10,130
DISTLP2,dynamic-16,12,10,131
DISTLP2,dynamic-16,12,10,132
DISTLP2,dynamic-16,12,10,133
DISTLP2,dynamic-16,12,10,134
DISTLP2,dynamic-16,12,10,135
DISTLP2,dynamic-16,12,10,136
DISTLP2,dynamic-16,12,10,137
DISTLP2,dynamic-16,12,10,138
DISTLP2,dynamic-16,12,10,139
DISTLP2,dynamic-16,12,10,140
DISTLP2,dynamic-16,12,10,141
DISTLP2,dynamic-16,12,10,142
DISTLP2,dynamic-16,12,10,143
DISTLP2,dynamic-16,12,2,144
DISTLP2,dynamic-16,12,2,145
DISTLP2,dynamic-16,12,2,146
DISTLP2,dynamic-16,12,2,147
DISTLP2,dynamic-16,12,2,148
DISTLP2,dynamic-16,12,2,149
DISTLP2,dynamic-16,12,2,150
DISTLP2,dynamic-16,12,2,151
DISTLP2,dynamic-16,12,2,152
DISTLP2,dynamic-16,12,2,153
DISTLP2,dynamic-16,12,2,154
DISTLP2,dynamic-16,12,2,155
DISTLP2,dynamic-16,12,2,156
DISTLP2,dynamic-16,12,2,157
DISTLP2,dynamic-16,12,2,158
DISTLP2,dynamic-16,12,2,159
DISTLP2,dynamic-16,12,0,160
DISTLP2,dynamic-16,12,0,161
DISTLP2,dynamic-16,12,0,162
DISTLP2,dynamic-16,12,0,163
DISTLP2,dynamic-16,12,0,164
DISTLP2,dynamic-16,12,0,165
DISTLP2,dynamic-16,12,0,166
DISTLP2,dynamic-16,12,0,167
DISTLP2,dynamic-16,12,0,168
DISTLP2,dynamic-16,12,0,169
DISTLP2,dynamic-16,12,0,170
DISTLP2,dynamic-16,12,0,171
DISTLP2,dynamic-16,12,0,172
DISTLP2,dynamic-16,12,0,173
DISTLP2,dynamic-16,12,0,174
DISTLP2,dynamic-16,12,0,175
DISTLP2,dynamic-16,12,1,176
DISTLP2,dynamic-16,12,1,177
DISTLP2,dynamic-16,12,1,178
DISTLP2,dynamic-16,12,1,179
DISTLP2,dynamic-16,12,1,180
DISTLP2,dynamic-16,12,1,181
DISTLP2,dynamic-16,12,1,182
DISTLP2,dynamic-16,12,1,183
DISTLP2,dynamic-16,12,1,184
DISTLP2,dynamic-16,12,1,185
DISTLP2,dynamic-16,12,1,186
DISTLP2,dynamic-16,12,1,187
DISTLP2,dynamic-16,12,1,188
DISTLP2,dynamic-16,12,1,189
DISTLP2,dynamic-16,12,1,190
DISTLP2,dynamic-16,12,1,191
DISTLP2,dynamic-16,12,2,192
DISTLP2,dynamic-16,12,2,193
DISTLP2,dynamic-16,12,2,194
DISTLP2,dynamic-16,12,2,195
DISTLP2,dynamic-16,12,2,196
DISTLP2,dynamic-16,12,2,197
DISTLP2,dynamic-16,12,2,198
DISTLP2,dynamic-16,12,2,199
DISTLP2,dynamic-16,12,2,200
DISTLP2,dynamic-16,12,2,201
DISTLP2,dynamic-16,12,2,202
DISTLP2,dynamic-16,12,2,203
DISTLP2,dynamic-16,12,2,204
DISTLP2,dynamic-16,12,2,205
DISTLP2,dynamic-16,12,2,206
DISTLP2,dynamic-16,12,2,207
DISTLP2,dynamic-16,12,6,208
DISTLP2,dynamic-16,12,6,209
DISTLP2,dynamic-16,12,6,210
DISTLP2,dynamic-16,12,6,211
DISTLP2,dynamic-16,12,6,212
DISTLP2,dynamic-16,12,6,213
DISTLP2,dynamic-16,12,6,214
DISTLP2,dynamic-16,12,6,215
DISTLP2,dynamic-16,12,6,216
DISTLP2,dynamic-16,12,6,217
DISTLP2,dynamic-16,12,6,218
DISTLP2,dynamic-16,12,6,219
DISTLP2,dynamic-16,12,6,220
DISTLP2,dynamic-16,12,6,221
DISTLP2,dynamic-16,12,6,222
DISTLP2,dynamic-16,12,6,223
DISTLP2,dynamic-16,12,2,224
DISTLP2,dynamic-16,12,2,225
DISTLP2,dynamic-16,12,2,226
DISTLP2,dynamic-16,12,2,227
DISTLP2,dynamic-16,12,2,228
DISTLP2,dynamic-16,12,2,229
DISTLP2,dynamic-16,12,2,230
DISTLP2,dynamic-16,12,2,231
DISTLP2,dynamic-16,12,2,232
DISTLP2,dynamic-16,12,2,233
DISTLP2,dynamic-16,12,2,234
DISTLP2,dynamic-16,12,2,235
DISTLP2,dynamic-16,12,2,236
DISTLP2,dynamic-16,12,2,237
DISTLP2,dynamic-16,12,2,238
DISTLP2,dynamic-16,12,2,239
DISTLP2,dynamic-16,12,2,240
DISTLP2,dynamic-16,12,2,241
DISTLP2,dynamic-16,12,2,242
DISTLP2,dynamic-16,12,2,243
DISTLP2,dynamic-16,12,2,244
DISTLP2,dynamic-16,12,2,245
DISTLP2,dynamic-16,12,2,246
DISTLP2,dynamic-16,12,2,247
DISTLP2,dynamic-16,12,2,248
DISTLP2,dynamic-16,12,2,249
DISTLP2,dynamic-16,12,2,250
DISTLP2,dynamic-16,12,2,251
DISTLP2,dynamic-16,12,2,252
DISTLP2,dynamic-16,12,2,253
DISTLP2,dynamic-16,12,2,254
DISTLP2,dynamic-16,12,2,255
DISTLP2,dynamic-16,12,0,256
DISTLP2,dynamic-16,12,0,257
DISTLP2,dynamic-16,12,0,258
DISTLP2,dynamic-16,12,0,259
DISTLP2,dynamic-16,12,0,260
DISTLP2,dynamic-16,12,0,261
DISTLP2,dynamic-16,12,0,262
DISTLP2,dynamic-16,12,0,263
DISTLP2,dynamic-16,12,0,264
DISTLP2,dynamic-16,12,0,265
DISTLP2,dynamic-16,12,0,266
DISTLP2,dynamic-16,12,0,267
DISTLP2,dynamic-16,12,0,268
DISTLP2,dynamic-16,12,0,269
DISTLP2,dynamic-16,12,0,270
DISTLP2,dynamic-16,12,0,271
DISTLP2,dynamic-16,12,0,272
DISTLP2,dynamic-16,12,0,273
DISTLP2,dynamic-16,12,0,274
DISTLP2,dynamic-16,12,0,275
DISTLP2,dynamic-16,12,0,276
DISTLP2,dynamic-16,12,0,277
DISTLP2,dynamic-16,12,0,278
DISTLP2,dynamic-16,12,0,279
DISTLP2,dynamic-16,12,0,280
DISTLP2,dynamic-16,12,0,281
DISTLP2,dynamic-16,12,0,282
DISTLP2,dynamic-16,12,0,283
DISTLP2,dynamic-16,12,0,284
DISTLP2,dynamic-16,12,0,285
DISTLP2,dynamic-16,12,0,286
DISTLP2,dynamic-16,12,0,287
DISTLP2,dynamic-16,12,2,288
DISTLP2,dynamic-16,12,2,289
DISTLP2,dynamic-16,12,2,290
DISTLP2,dynamic-16,12,2,291
DISTLP2,dynamic-16,12,2,292
DISTLP2,dynamic-16,12,2,293
DISTLP2,dynamic-16,12,2,294
DISTLP2,dynamic-16,12,2,295
DISTLP2,dynamic-16,12,2,296
DISTLP2,dynamic-16,12,2,297
DISTLP2,dynamic-16,12,2,298
DISTLP2,dynamic-16,12,2,299
DISTLP2,dynamic-16,12,2,300
DISTLP2,dynamic-16,12,2,301
DISTLP2,dynamic-16,12,2,302
DISTLP2,dynamic-16,12,2,303
DISTLP2,dynamic-16,12,2,304
DISTLP2,dynamic-16,12,2,305
DISTLP2,dynamic-16,12,2,306
DISTLP2,dynamic-16,12,2,307
DISTLP2,dynamic-16,12,2,308
DISTLP2,dynamic-16,12,2,309
DISTLP2,dynamic-16,12,2,310
DISTLP2,dynamic-16,12,2,311
DISTLP2,dynamic-16,12,2,312
DISTLP2,dynamic-16,12,2,313
DISTLP2,dynamic-16,12,2,314
DISTLP2,dynamic-16,12,2,315
DISTLP2,dynamic-16,12,2,316
DISTLP2,dynamic-16,12,2,317
DISTLP2,dynamic-16,12,2,318
DISTLP2,dynamic-16,12,2,319
DISTLP2,dynamic-16,12,4,320
DISTLP2,dynamic-16,12,4,321
DISTLP2,dynamic-16,12,4,322
DISTLP2,dynamic-16,12,4,323
DISTLP2,dynamic-16,12,4,324
DISTLP2,dynamic-16,12,4,325
DISTLP2,dynamic-16,12,4,326
DISTLP2,dynamic-16,12,4,327
DISTLP2,dynamic-16,12,4,328
DISTLP2,dynamic-16,12,4,329
DISTLP2,dynamic-16,12,4,330
DISTLP2,dynamic-16,12,4,331
DISTLP2,dynamic-16,12,4,332
DISTLP2,dynamic-16,12,4,333
DISTLP2,dynamic-16,12,4,334
DISTLP2,dynamic-16,12,4,335
DISTLP2,dynamic-16,12,4,336
DISTLP2,dynamic-16,12,4,337
DISTLP2,dynamic-16,12,4,338
DISTLP2,dynamic-16,12,4,339
DISTLP2,dynamic-16,12,4,340
DISTLP2,dynamic-16,12,4,341
DISTLP2,dynamic-16,12,4,342
DISTLP2,dynamic-16,12,4,343
DISTLP2,dynamic-16,12,4,344
DISTLP2,dynamic-16,12,4,345
DISTLP2,dynamic-16,12,4,346
DISTLP2,dynamic-16,12,4,347
DISTLP2,dynamic-16,12,4,348
DISTLP2,dynamic-16,12,4,349
DISTLP2,dynamic-16,12,4,350
DISTLP2,dynamic-16,12,4,351
DISTLP2,dynamic-16,12,5,352
DISTLP2,dynamic-16,12,5,353
DISTLP2,dynamic-16,12,5,354
DISTLP2,dynamic-16,12,5,355
DISTLP2,dynamic-16,12,5,356
DISTLP2,dynamic-16,12,5,357
DISTLP2,dynamic-16,12,5,358
DISTLP2,dynamic-16,12,5,359
DISTLP2,dynamic-16,12,5,360
DISTLP2,dynamic-16,12,5,361
DISTLP2,dynamic-16,12,5,362
DISTLP2,dynamic-16,12,5,363
DISTLP2,dynamic-16,12,5,364
DISTLP2,dynamic-16,12,5,365
DISTLP2,dynamic-16,12,5,366
DISTLP2,dynamic-16,12,5,367
DISTLP2,dynamic-16,12,10,368
DISTLP2,dynamic-16,12,10,369
DISTLP2,dynamic-16,12,10,370
DISTLP2,dynamic-16,12,10,371
DISTLP2,dynamic-16,12,10,372
DISTLP2,dynamic-16,12,10,373
DISTLP2,dynamic-16,12,10,374
DISTLP2,dynamic-16,12,10,375
DISTLP2,dynamic-16,12,10,376
DISTLP2,dynamic-16,12,10,377
DISTLP2,dynamic-16,12,10,378
DISTLP2,dynamic-16,12,10,379
DISTLP2,dynamic-16,12,10,380
DISTLP2,dynamic-16,12,10,381
DISTLP2,dynamic-16,12,10,382
DISTLP2,dynamic-16,12,10,383
DISTLP2,dynamic-16,12,5,384
DISTLP2,dynamic-16,12,5,385
DISTLP2,dynamic-16,12,5,386
DISTLP2,dynamic-16,12,5,387
DISTLP2,dynamic-16,12,5,388
DISTLP2,dynamic-16,12,5,389
DISTLP2,dynamic-16,12,5,390
DISTLP2,dynamic-16,12,5,391
DISTLP2,dynamic-16,12,5,392
DISTLP2,dynamic-16,12,5,393
DISTLP2,dynamic-16,12,5,394
DISTLP2,dynamic-16,12,5,395
DISTLP2,dynamic-16,12,5,396
DISTLP2,dynamic-16,12,5,397
DISTLP2,dynamic-16,12,5,398
DISTLP2,dynamic-16,12,5,399
DISTLP2,dynamic-16,12,1,400
DISTLP2,dynamic-16,12,1,401
DISTLP2,dynamic-16,12,1,402
DISTLP2,dynamic-16,12,1,403
DISTLP2,dynamic-16,12,1,404
DISTLP2,dynamic-16,12,1,405
DISTLP2,dynamic-16,12,1,406
DISTLP2,dynamic-16,12,1,407
DISTLP2,dynamic-16,12,1,408
DISTLP2,dynamic-16,12,1,409
DISTLP2,dynamic-16,12,1,410
DISTLP2,dynamic-16,12,1,411
DISTLP2,dynamic-16,12,1,412
DISTLP2,dynamic-16,12,1,413
DISTLP2,dynamic-16,12,1,414
DISTLP2,dynamic-16,12,1,415
DISTLP2,dynamic-16,12,6,416
DISTLP2,dynamic-16,12,6,417
DISTLP2,dynamic-16,12,6,418
DISTLP2,dynamic-16,12,6,419
DISTLP2,dynamic-16,12,6,420
DISTLP2,dynamic-16,12,6,421
DISTLP2,dynamic-16,12,6,422
DISTLP2,dynamic-16,12,6,423
DISTLP2,dynamic-16,12,6,424
DISTLP2,dynamic-16,12,6,425
DISTLP2,dynamic-16,12,6,426
DISTLP2,dynamic-16,12,6,427
DISTLP2,dynamic-16,12,6,428
DISTLP2,dynamic-16,12,6,429
DISTLP2,dynamic-16,12,6,430
DISTLP2,dynamic-16,12,6,431
DISTLP2,dynamic-16,12,5,432
DISTLP2,dynamic-16,12,5,433
DISTLP2,dynamic-16,12,5,434
DISTLP2,dynamic-16,12,5,435
DISTLP2,dynamic-16,12,5,436
DISTLP2,dynamic-16,12,5,437
DISTLP2,dynamic-16,12,5,438
DISTLP2,dynamic-16,12,5,439
DISTLP2,dynamic-16,12,5,440
DISTLP2,dynamic-16,12,5,441
DISTLP2,dynamic-16,12,5,442
DISTLP2,dynamic-16,12,5,443
DISTLP2,dynamic-16,12,5,444
DISTLP2,dynamic-16,12,5,445
DISTLP2,dynamic-16,12,5,446
DISTLP2,dynamic-16,12,5,447
DISTLP2,dynamic-16,12,0,448
DISTLP2,dynamic-16,12,0,449
DISTLP2,dynamic-16,12,0,450
DISTLP2,dynamic-16,12,0,451
DISTLP2,dynamic-16,12,0,452
DISTLP2,dynamic-16,12,0,453
DISTLP2,dynamic-16,12,0,454
DISTLP2,dynamic-16,12,0,455
DISTLP2,dynamic-16,12,0,456
DISTLP2,dynamic-16,12,0,457
DISTLP2,dynamic-16,12,0,458
DISTLP2,dynamic-16,12,0,459
DISTLP2,dynamic-16,12,0,460
DISTLP2,dynamic-16,12,0,461
DISTLP2,dynamic-16,12,0,462
DISTLP2,dynamic-16,12,0,463
DISTLP2,dynamic-16,12,5,464
DISTLP2,dynamic-16,12,5,465
DISTLP2,dynamic-16,12,5,466
DISTLP2,dynamic-16,12,5,467
DISTLP2,dynamic-16,12,5,468
DISTLP2,dynamic-16,12,5,469
DISTLP2,dynamic-16,12,5,470
DISTLP2,dynamic-16,12,5,471
DISTLP2,dynamic-16,12,5,472
DISTLP2,dynamic-16,12,5,473
DISTLP2,dynamic-16,12,5,474
DISTLP2,dynamic-16,12,5,475
DISTLP2,dynamic-16,12,5,476
DISTLP2,dynamic-16,12,5,477
DISTLP2,dynamic-16,12,5,478
DISTLP2,dynamic-16,12,5,479
DISTLP2,dynamic-16,12,5,480
DISTLP2,dynamic-16,12,5,481
DISTLP2,dynamic-16,12,5,482
DISTLP2,dynamic-16,12,5,483
DISTLP2,dynamic-16,12,5,484
DISTLP2,dynamic-16,12,5,485
DISTLP2,dynamic-16,12,5,486
DISTLP2,dynamic-16,12,5,487
DISTLP2,dynamic-16,12,5,488
DISTLP2,dynamic-16,12,5,489
DISTLP2,dynamic-16,12,5,490
DISTLP2,dynamic-16,12,5,491
DISTLP2,dynamic-16,12,5,492
DISTLP2,dynamic-16,12,5,493
DISTLP2,dynamic-16,12,5,494
DISTLP2,dynamic-16,12,5,495
DISTLP2,dynamic-16,12,3,496
DISTLP2,dynamic-16,12,3,497
DISTLP2,dynamic-16,12,3,498
DISTLP2,dynamic-16,12,3,499
DISTLP2,dynamic-16,12,3,500
DISTLP2,dynamic-16,12,3,501
DISTLP2,dynamic-16,12,3,502
DISTLP2,dynamic-16,12,3,503
DISTLP2,dynamic-16,12,3,504
DISTLP2,dynamic-16,12,3,505
DISTLP2,dynamic-16,12,3,506
DISTLP2,dynamic-16,12,3,507
DISTLP2,dynamic-16,12,3,508
DISTLP2,dynamic-16,12,3,509
DISTLP2,dynamic-16,12,3,510
DISTLP2,dynamic-16,12,3,511
DISTLP2,dynamic-16,12,3,512
DISTLP2,dynamic-16,12,3,513
DISTLP2,dynamic-16,12,3,514
DISTLP2,dynamic-16,12,3,515
DISTLP2,dynamic-16,12,3,516
DISTLP2,dynamic-16,12,3,517
DISTLP2,dynamic-16,12,3,518
DISTLP2,dynamic-16,12,3,519
DISTLP2,dynamic-16,12,3,520
DISTLP2,dynamic-16,12,3,521
DISTLP2,dynamic-16,12,3,522
DISTLP2,dynamic-16,12,3,523
DISTLP2,dynamic-16,12,3,524
DISTLP2,dynamic-16,12,3,525
DISTLP2,dynamic-16,12,3,526
DISTLP2,dynamic-16,12,3,527
DISTLP2,dynamic-16,12,2,528
DISTLP2,dynamic-16,12,2,529
DISTLP2,dynamic-16,12,2,530
DISTLP2,dynamic-16,12,2,531
DISTLP2,dynamic-16,12,2,532
DISTLP2,dynamic-16,12,2,533
DISTLP2,dynamic-16,12,2,534
DISTLP2,dynamic-16,12,2,535
DISTLP2,dynamic-16,12,2,536
DISTLP2,dynamic-16,12,2,537
DISTLP2,dynamic-16,12,2,538
DISTLP2,dynamic-16,12,2,539
DISTLP2,dynamic-16,12,2,540
DISTLP2,dynamic-16,12,2,541
DISTLP2,dynamic-16,12,2,542
DISTLP2,dynamic-16,12,2,543
DISTLP2,dynamic-16,12,2,544
DISTLP2,dynamic-16,12,2,545
DISTLP2,dynamic-16,12,2,546
DISTLP2,dynamic-16,12,2,547
DISTLP2,dynamic-16,12,2,548
DISTLP2,dynamic-16,12,2,549
DISTLP2,dynamic-16,12,2,550
DISTLP2,dynamic-16,12,2,551
DISTLP2,dynamic-16,12,2,552
DISTLP2,dynamic-16,12,2,553
DISTLP2,dynamic-16,12,2,554
DISTLP2,dynamic-16,12,2,555
DISTLP2,dynamic-16,12,2,556
DISTLP2,dynamic-16,12,2,557
DISTLP2,dynamic-16,12,2,558
DISTLP2,dynamic-16,12,2,559
DISTLP2,dynamic-16,12,4,560
DISTLP2,dynamic-16,12,4,561
DISTLP2,dynamic-16,12,4,562
DISTLP2,dynamic-16,12,4,563
DISTLP2,dynamic-16,12,4,564
DISTLP2,dynamic-16,12,4,565
DISTLP2,dynamic-16,12,4,566
DISTLP2,dynamic-16,12,4,567
DISTLP2,dynamic-16,12,4,568
DISTLP2,dynamic-16,12,4,569
DISTLP2,dynamic-16,12,4,570
DISTLP2,dynamic-16,12,4,571
DISTLP2,dynamic-16,12,4,572
DISTLP2,dynamic-16,12,4,573
DISTLP2,dynamic-16,12,4,574
DISTLP2,dynamic-16,12,4,575
DISTLP2,dynamic-16,12,4,576
DISTLP2,dynamic-16,12,4,577
DISTLP2,dynamic-16,12,4,578
DISTLP2,dynamic-16,12,4,579
DISTLP2,dynamic-16,12,4,580
DISTLP2,dynamic-16,12,4,581
DISTLP2,dynamic-16,12,4,582
DISTLP2,dynamic-16,12,4,583
DISTLP2,dynamic-16,12,4,584
DISTLP2,dynamic-16,12,4,585
DISTLP2,dynamic-16,12,4,586
DISTLP2,dynamic-16,12,4,587
DISTLP2,dynamic-16,12,4,588
DISTLP2,dynamic-16,12,4,589
DISTLP2,dynamic-16,12,4,590
DISTLP2,dynamic-16,12,4,591
DISTLP2,dynamic-16,12,10,592
DISTLP2,dynamic-16,12,10,593
DISTLP2,dynamic-16,12,10,594
DISTLP2,dynamic-16,12,10,595
DISTLP2,dynamic-16,12,10,596
DISTLP2,dynamic-16,12,10,597
DISTLP2,dynamic-16,12,10,598
DISTLP2,dynamic-16,12,10,599
DISTLP2,dynamic-16,12,10,600
DISTLP2,dynamic-16,12,10,601
DISTLP2,dynamic-16,12,10,602
DISTLP2,dynamic-16,12,10,603
DISTLP2,dynamic-16,12,10,604
DISTLP2,dynamic-16,12,10,605
DISTLP2,dynamic-16,12,10,606
DISTLP2,dynamic-16,12,10,607
DISTLP2,dynamic-16,12,10,608
DISTLP2,dynamic-16,12,10,609
DISTLP2,dynamic-16,12,10,610
DISTLP2,dynamic-16,12,10,611
DISTLP2,dynamic-16,12,10,612
DISTLP2,dynamic-16,12,10,613
DISTLP2,dynamic-16,12,10,614
DISTLP2,dynamic-16,12,10,615
DISTLP2,dynamic-16,12,10,616
DISTLP2,dynamic-16,12,10,617
DISTLP2,dynamic-16,12,10,618
DISTLP2,dynamic-16,12,10,619
DISTLP2,dynamic-16,12,10,620
DISTLP2,dynamic-16,12,10,621
DISTLP2,dynamic-16,12,10,622
DISTLP2,dynamic-16,12,10,623
DISTLP2,dynamic-16,12,1,624
DISTLP2,dynamic-16,12,1,625
DISTLP2,dynamic-16,12,1,626
DISTLP2,dynamic-16,12,1,627
DISTLP2,dynamic-16,12,1,628
DISTLP2,dynamic-16,12,1,629
DISTLP2,dynamic-16,12,1,630
DISTLP2,dynamic-16,12,1,631
DISTLP2,dynamic-16,12,1,632
DISTLP2,dynamic-16,12,1,633
DISTLP2,dynamic-16,12,1,634
DISTLP2,dynamic-16,12,1,635
DISTLP2,dynamic-16,12,1,636
DISTLP2,dynamic-16,12,1,637
DISTLP2,dynamic-16,12,1,638
DISTLP2,dynamic-16,12,1,639
DISTLP2,dynamic-16,12,1,640
DISTLP2,dynamic-16,12,1,641
DISTLP2,dynamic-16,12,1,642
DISTLP2,dynamic-16,12,1,643
DISTLP2,dynamic-16,12,1,644
DISTLP2,dynamic-16,12,1,645
DISTLP2,dynamic-16,12,1,646
DISTLP2,dynamic-16,12,1,647
DISTLP2,dynamic-16,12,1,648
DISTLP2,dynamic-16,12,1,649
DISTLP2,dynamic-16,12,1,650
DISTLP2,dynamic-16,12,1,651
DISTLP2,dynamic-16,12,1,652
DISTLP2,dynamic-16,12,1,653
DISTLP2,dynamic-16,12,1,654
DISTLP2,dynamic-16,12,1,655
DISTLP2,dynamic-16,12,6,656
DISTLP2,dynamic-16,12,6,657
DISTLP2,dynamic-16,12,6,658
DISTLP2,dynamic-16,12,6,659
DISTLP2,dynamic-16,12,6,660
DISTLP2,dynamic-16,12,6,661
DISTLP2,dynamic-16,12,6,662
DISTLP2,dynamic-16,12,6,663
DISTLP2,dynamic-16,12,6,664
DISTLP2,dynamic-16,12,6,665
DISTLP2,dynamic-16,12,6,666
DISTLP2,dynamic-16,12,6,667
DISTLP2,dynamic-16,12,6,668
DISTLP2,dynamic-16,12,6,669
DISTLP2,dynamic-16,12,6,670
DISTLP2,dynamic-16,12,6,671
DISTLP2,dynamic-16,12,0,672
DISTLP2,dynamic-16,12,0,673
DISTLP2,dynamic-16,12,0,674
DISTLP2,dynamic-16,12,0,675
DISTLP2,dynamic-16,12,0,676
DISTLP2,dynamic-16,12,0,677
DISTLP2,dynamic-16,12,0,678
DISTLP2,dynamic-16,12,0,679
DISTLP2,dynamic-16,12,0,680
DISTLP2,dynamic-16,12,0,681
DISTLP2,dynamic-16,12,0,682
DISTLP2,dynamic-16,12,0,683
DISTLP2,dynamic-16,12,0,684
DISTLP2,dynamic-16,12,0,685
DISTLP2,dynamic-16,12,0,686
DISTLP2,dynamic-16,12,0,687
DISTLP2,dynamic-16,12,0,688
DISTLP2,dynamic-16,12,0,689
DISTLP2,dynamic-16,12,0,690
DISTLP2,dynamic-16,12,0,691
DISTLP2,dynamic-16,12,0,692
DISTLP2,dynamic-16,12,0,693
DISTLP2,dynamic-16,12,0,694
DISTLP2,dynamic-16,12,0,695
DISTLP2,dynamic-16,12,0,696
DISTLP2,dynamic-16,12,0,697
DISTLP2,dynamic-16,12,0,698
DISTLP2,dynamic-16,12,0,699
DISTLP2,dynamic-16,12,0,700
DISTLP2,dynamic-16,12,0,701
DISTLP2,dynamic-16,12,0,702
DISTLP2,dynamic-16,12,0,703
DISTLP2,dynamic-16,12,5,704
DISTLP2,dynamic-16,12,5,705
DISTLP2,dynamic-16,12,5,706
DISTLP2,dynamic-16,12,5,707
DISTLP2,dynamic-16,12,5,708
DISTLP2,dynamic-16,12,5,709
DISTLP2,dynamic-16,12,5,710
DISTLP2,dynamic-16,12,5,711
DISTLP2,dynamic-16,12,5,712
DISTLP2,dynamic-16,12,5,713
DISTLP2,dynamic-16,12,5,714
DISTLP2,dynamic-16,12,5,715
DISTLP2,dynamic-16,12,5,716
DISTLP2,dynamic-16,12,5,717
DISTLP2,dynamic-16,12,5,718
DISTLP2,dynamic-16,12,5,719
DISTLP2,dynamic-16,12,5,720
DISTLP2,dynamic-16,12,5,721
DISTLP2,dynamic-16,12,5,722
DISTLP2,dynamic-16,12,5,723
DISTLP2,dynamic-16,12,5,724
DISTLP2,dynamic-16,12,5,725
DISTLP2,dynamic-16,12,5,726
DISTLP2,dynamic-16,12,5,727
DISTLP2,dynamic-16,12,5,728
