DISTLP1,static-8,4,0,0
DISTLP1,static-8,4,0,1
DISTLP1,static-8,4,0,2
DISTLP1,static-8,4,0,3
DISTLP1,static-8,4,0,4
DISTLP1,static-8,4,0,5
DISTLP1,static-8,4,0,6
DISTLP1,static-8,4,0,7
DISTLP1,static-8,4,1,8
DISTLP1,static-8,4,1,9
DISTLP1,static-8,4,1,10
DISTLP1,static-8,4,1,11
DISTLP1,static-8,4,1,12
DISTLP1,static-8,4,1,13
DISTLP1,static-8,4,1,14
DISTLP1,static-8,4,1,15
DISTLP1,static-8,4,2,16
DISTLP1,static-8,4,2,17
DISTLP1,static-8,4,2,18
DISTLP1,static-8,4,2,19
DISTLP1,static-8,4,2,20
DISTLP1,static-8,4,2,21
DISTLP1,static-8,4,2,22
DISTLP1,static-8,4,2,23
DISTLP1,static-8,4,3,24
DISTLP1,static-8,4,3,25
DISTLP1,static-8,4,3,26
DISTLP1,static-8,4,3,27
DISTLP1,static-8,4,3,28
DISTLP1,static-8,4,3,29
DISTLP1,static-8,4,3,30
DISTLP1,static-8,4,3,31
DISTLP1,static-8,4,0,32
DISTLP1,static-8,4,0,33
DISTLP1,static-8,4,0,34
DISTLP1,static-8,4,0,35
DISTLP1,static-8,4,0,36
DISTLP1,static-8,4,0,37
DISTLP1,static-8,4,0,38
DISTLP1,static-8,4,0,39
DISTLP1,static-8,4,1,40
DISTLP1,static-8,4,1,41
DISTLP1,static-8,4,1,42
DISTLP1,static-8,4,1,43
DISTLP1,static-8,4,1,44
DISTLP1,static-8,4,1,45
DISTLP1,static-8,4,1,46
DISTLP1,static-8,4,1,47
DISTLP1,static-8,4,2,48
DISTLP1,static-8,4,2,49
DISTLP1,static-8,4,2,50
DISTLP1,static-8,4,2,51
DISTLP1,static-8,4,2,52
DISTLP1,static-8,4,2,53
DISTLP1,static-8,4,2,54
DISTLP1,static-8,4,2,55
DISTLP1,static-8,4,3,56
DISTLP1,static-8,4,3,57
DISTLP1,static-8,4,3,58
DISTLP1,static-8,4,3,59
DISTLP1,static-8,4,3,60
DISTLP1,static-8,4,3,61
DISTLP1,static-8,4,3,62
DISTLP1,static-8,4,3,63
DISTLP1,static-8,4,0,64
DISTLP1,static-8,4,0,65
DISTLP1,static-8,4,0,66
DISTLP1,static-8,4,0,67
DISTLP1,static-8,4,0,68
DISTLP1,static-8,4,0,69
DISTLP1,static-8,4,0,70
DISTLP1,static-8,4,0,71
DISTLP1,static-8,4,1,72
DISTLP1,static-8,4,1,73
DISTLP1,static-8,4,1,74
DISTLP1,static-8,4,1,75
DISTLP1,static-8,4,1,76
DISTLP1,static-8,4,1,77
DISTLP1,static-8,4,1,78
DISTLP1,static-8,4,1,79
DISTLP1,static-8,4,2,80
DISTLP1,static-8,4,2,81
DISTLP1,static-8,4,2,82
DISTLP1,static-8,4,2,83
DISTLP1,static-8,4,2,84
DISTLP1,static-8,4,2,85
DISTLP1,static-8,4,2,86
DISTLP1,static-8,4,2,87
DISTLP1,static-8,4,3,88
DISTLP1,static-8,4,3,89
DISTLP1,static-8,4,3,90
DISTLP1,static-8,4,3,91
DISTLP1,static-8,4,3,92
DISTLP1,static-8,4,3,93
DISTLP1,static-8,4,3,94
DISTLP1,static-8,4,3,95
DISTLP1,static-8,4,0,96
DISTLP1,static-8,4,0,97
DISTLP1,static-8,4,0,98
DISTLP1,static-8,4,0,99
DISTLP1,static-8,4,0,100
DISTLP1,static-8,4,0,101
DISTLP1,static-8,4,0,102
DISTLP1,static-8,4,0,103
DISTLP1,static-8,4,1,104
DISTLP1,static-8,4,1,105
DISTLP1,static-8,4,1,106
DISTLP1,static-8,4,1,107
DISTLP1,static-8,4,1,108
DISTLP1,static-8,4,1,109
DISTLP1,static-8,4,1,110
DISTLP1,static-8,4,1,111
DISTLP1,static-8,4,2,112
DISTLP1,static-8,4,2,113
DISTLP1,static-8,4,2,114
DISTLP1,static-8,4,2,115
DISTLP1,static-8,4,2,116
DISTLP1,static-8,4,2,117
DISTLP1,static-8,4,2,118
DISTLP1,static-8,4,2,119
DISTLP1,static-8,4,3,120
DISTLP1,static-8,4,3,121
DISTLP1,static-8,4,3,122
DISTLP1,static-8,4,3,123
DISTLP1,static-8,4,3,124
DISTLP1,static-8,4,3,125
DISTLP1,static-8,4,3,126
DISTLP1,static-8,4,3,127
DISTLP1,static-8,4,0,128
DISTLP1,static-8,4,0,129
DISTLP1,static-8,4,0,130
DISTLP1,static-8,4,0,131
DISTLP1,static-8,4,0,132
DISTLP1,static-8,4,0,133
DISTLP1,static-8,4,0,134
DISTLP1,static-8,4,0,135
DISTLP1,static-8,4,1,136
DISTLP1,static-8,4,1,137
DISTLP1,static-8,4,1,138
DISTLP1,static-8,4,1,139
DISTLP1,static-8,4,1,140
DISTLP1,static-8,4,1,141
DISTLP1,static-8,4,1,142
DISTLP1,static-8,4,1,143
DISTLP1,static-8,4,2,144
DISTLP1,static-8,4,2,145
DISTLP1,static-8,4,2,146
DISTLP1,static-8,4,2,147
DISTLP1,static-8,4,2,148
DISTLP1,static-8,4,2,149
DISTLP1,static-8,4,2,150
DISTLP1,static-8,4,2,151
DISTLP1,static-8,4,3,152
DISTLP1,static-8,4,3,153
DISTLP1,static-8,4,3,154
DISTLP1,static-8,4,3,155
DISTLP1,static-8,4,3,156
DISTLP1,static-8,4,3,157
DISTLP1,static-8,4,3,158
DISTLP1,static-8,4,3,159
DISTLP1,static-8,4,0,160
DISTLP1,static-8,4,0,161
DISTLP1,static-8,4,0,162
DISTLP1,static-8,4,0,163
DISTLP1,static-8,4,0,164
DISTLP1,static-8,4,0,165
DISTLP1,static-8,4,0,166
DISTLP1,static-8,4,0,167
DISTLP1,static-8,4,1,168
DISTLP1,static-8,4,1,169
DISTLP1,static-8,4,1,170
DISTLP1,static-8,4,1,171
DISTLP1,static-8,4,1,172
DISTLP1,static-8,4,1,173
DISTLP1,static-8,4,1,174
DISTLP1,static-8,4,1,175
DISTLP1,static-8,4,2,176
DISTLP1,static-8,4,2,177
DISTLP1,static-8,4,2,178
DISTLP1,static-8,4,2,179
DISTLP1,static-8,4,2,180
DISTLP1,static-8,4,2,181
DISTLP1,static-8,4,2,182
DISTLP1,static-8,4,2,183
DISTLP1,static-8,4,3,184
DISTLP1,static-8,4,3,185
DISTLP1,static-8,4,3,186
DISTLP1,static-8,4,3,187
DISTLP1,static-8,4,3,188
DISTLP1,static-8,4,3,189
DISTLP1,static-8,4,3,190
DISTLP1,static-8,4,3,191
DISTLP1,static-8,4,0,192
DISTLP1,static-8,4,0,193
DISTLP1,static-8,4,0,194
DISTLP1,static-8,4,0,195
DISTLP1,static-8,4,0,196
DISTLP1,static-8,4,0,197
DISTLP1,static-8,4,0,198
DISTLP1,static-8,4,0,199
DISTLP1,static-8,4,1,200
DISTLP1,static-8,4,1,201
DISTLP1,static-8,4,1,202
DISTLP1,static-8,4,1,203
DISTLP1,static-8,4,1,204
DISTLP1,static-8,4,1,205
DISTLP1,static-8,4,1,206
DISTLP1,static-8,4,1,207
DISTLP1,static-8,4,2,208
DISTLP1,static-8,4,2,209
DISTLP1,static-8,4,2,210
DISTLP1,static-8,4,2,211
DISTLP1,static-8,4,2,212
DISTLP1,static-8,4,2,213
DISTLP1,static-8,4,2,214
DISTLP1,static-8,4,2,215
DISTLP1,static-8,4,3,216
DISTLP1,static-8,4,3,217
DISTLP1,static-8,4,3,218
DISTLP1,static-8,4,3,219
DISTLP1,static-8,4,3,220
DISTLP1,static-8,4,3,221
DISTLP1,static-8,4,3,222
DISTLP1,static-8,4,3,223
DISTLP1,static-8,4,0,224
DISTLP1,static-8,4,0,225
DISTLP1,static-8,4,0,226
DISTLP1,static-8,4,0,227
DISTLP1,static-8,4,0,228
DISTLP1,static-8,4,0,229
DISTLP1,static-8,4,0,230
DISTLP1,static-8,4,0,231
DISTLP1,static-8,4,1,232
DISTLP1,static-8,4,1,233
DISTLP1,static-8,4,1,234
DISTLP1,static-8,4,1,235
DISTLP1,static-8,4,1,236
DISTLP1,static-8,4,1,237
DISTLP1,static-8,4,1,238
DISTLP1,static-8,4,1,239
DISTLP1,static-8,4,2,240
DISTLP1,static-8,4,2,241
DISTLP1,static-8,4,2,242
DISTLP1,static-8,4,2,243
DISTLP1,static-8,4,2,244
DISTLP1,static-8,4,2,245
DISTLP1,static-8,4,2,246
DISTLP1,static-8,4,2,247
DISTLP1,static-8,4,3,248
DISTLP1,static-8,4,3,249
DISTLP1,static-8,4,3,250
DISTLP1,static-8,4,3,251
DISTLP1,static-8,4,3,252
DISTLP1,static-8,4,3,253
DISTLP1,static-8,4,3,254
DISTLP1,static-8,4,3,255
DISTLP1,static-8,4,0,256
DISTLP1,static-8,4,0,257
DISTLP1,static-8,4,0,258
DISTLP1,static-8,4,0,259
DISTLP1,static-8,4,0,260
DISTLP1,static-8,4,0,261
DISTLP1,static-8,4,0,262
DISTLP1,static-8,4,0,263
DISTLP1,static-8,4,1,264
DISTLP1,static-8,4,1,265
DISTLP1,static-8,4,1,266
DISTLP1,static-8,4,1,267
DISTLP1,static-8,4,1,268
DISTLP1,static-8,4,1,269
DISTLP1,static-8,4,1,270
DISTLP1,static-8,4,1,271
DISTLP1,static-8,4,2,272
DISTLP1,static-8,4,2,273
DISTLP1,static-8,4,2,274
DISTLP1,static-8,4,2,275
DISTLP1,static-8,4,2,276
DISTLP1,static-8,4,2,277
DISTLP1,static-8,4,2,278
DISTLP1,static-8,4,2,279
DISTLP1,static-8,4,3,280
DISTLP1,static-8,4,3,281
DISTLP1,static-8,4,3,282
DISTLP1,static-8,4,3,283
DISTLP1,static-8,4,3,284
DISTLP1,static-8,4,3,285
DISTLP1,static-8,4,3,286
DISTLP1,static-8,4,3,287
DISTLP1,static-8,4,0,288
DISTLP1,static-8,4,0,289
DISTLP1,static-8,4,0,290
DISTLP1,static-8,4,0,291
DISTLP1,static-8,4,0,292
DISTLP1,static-8,4,0,293
DISTLP1,static-8,4,0,294
DISTLP1,static-8,4,0,295
DISTLP1,static-8,4,1,296
DISTLP1,static-8,4,1,297
DISTLP1,static-8,4,1,298
DISTLP1,static-8,4,1,299
DISTLP1,static-8,4,1,300
DISTLP1,static-8,4,1,301
DISTLP1,static-8,4,1,302
DISTLP1,static-8,4,1,303
DISTLP1,static-8,4,2,304
DISTLP1,static-8,4,2,305
DISTLP1,static-8,4,2,306
DISTLP1,static-8,4,2,307
DISTLP1,static-8,4,2,308
DISTLP1,static-8,4,2,309
DISTLP1,static-8,4,2,310
DISTLP1,static-8,4,2,311
DISTLP1,static-8,4,3,312
DISTLP1,static-8,4,3,313
DISTLP1,static-8,4,3,314
DISTLP1,static-8,4,3,315
DISTLP1,static-8,4,3,316
DISTLP1,static-8,4,3,317
DISTLP1,static-8,4,3,318
DISTLP1,static-8,4,3,319
DISTLP1,static-8,4,0,320
DISTLP1,static-8,4,0,321
DISTLP1,static-8,4,0,322
DISTLP1,static-8,4,0,323
DISTLP1,static-8,4,0,324
DISTLP1,static-8,4,0,325
DISTLP1,static-8,4,0,326
DISTLP1,static-8,4,0,327
DISTLP1,static-8,4,1,328
DISTLP1,static-8,4,1,329
DISTLP1,static-8,4,1,330
DISTLP1,static-8,4,1,331
DISTLP1,static-8,4,1,332
DISTLP1,static-8,4,1,333
DISTLP1,static-8,4,1,334
DISTLP1,static-8,4,1,335
DISTLP1,static-8,4,2,336
DISTLP1,static-8,4,2,337
DISTLP1,static-8,4,2,338
DISTLP1,static-8,4,2,339
DISTLP1,static-8,4,2,340
DISTLP1,static-8,4,2,341
DISTLP1,static-8,4,2,342
DISTLP1,static-8,4,2,343
DISTLP1,static-8,4,3,344
DISTLP1,static-8,4,3,345
DISTLP1,static-8,4,3,346
DISTLP1,static-8,4,3,347
DISTLP1,static-8,4,3,348
DISTLP1,static-8,4,3,349
DISTLP1,static-8,4,3,350
DISTLP1,static-8,4,3,351
DISTLP1,static-8,4,0,352
DISTLP1,static-8,4,0,353
DISTLP1,static-8,4,0,354
DISTLP1,static-8,4,0,355
DISTLP1,static-8,4,0,356
DISTLP1,static-8,4,0,357
DISTLP1,static-8,4,0,358
DISTLP1,static-8,4,0,359
DISTLP1,static-8,4,1,360
DISTLP1,static-8,4,1,361
DISTLP1,static-8,4,1,362
DISTLP1,static-8,4,1,363
DISTLP1,static-8,4,1,364
DISTLP1,static-8,4,1,365
DISTLP1,static-8,4,1,366
DISTLP1,static-8,4,1,367
DISTLP1,static-8,4,2,368
DISTLP1,static-8,4,2,369
DISTLP1,static-8,4,2,370
DISTLP1,static-8,4,2,371
DISTLP1,static-8,4,2,372
DISTLP1,static-8,4,2,373
DISTLP1,static-8,4,2,374
DISTLP1,static-8,4,2,375
DISTLP1,static-8,4,3,376
DISTLP1,static-8,4,3,377
DISTLP1,static-8,4,3,378
DISTLP1,static-8,4,3,379
DISTLP1,static-8,4,3,380
DISTLP1,static-8,4,3,381
DISTLP1,static-8,4,3,382
DISTLP1,static-8,4,3,383
DISTLP1,static-8,4,0,384
DISTLP1,static-8,4,0,385
DISTLP1,static-8,4,0,386
DISTLP1,static-8,4,0,387
DISTLP1,static-8,4,0,388
DISTLP1,static-8,4,0,389
DISTLP1,static-8,4,0,390
DISTLP1,static-8,4,0,391
DISTLP1,static-8,4,1,392
DISTLP1,static-8,4,1,393
DISTLP1,static-8,4,1,394
DISTLP1,static-8,4,1,395
DISTLP1,static-8,4,1,396
DISTLP1,static-8,4,1,397
DISTLP1,static-8,4,1,398
DISTLP1,static-8,4,1,399
DISTLP1,static-8,4,2,400
DISTLP1,static-8,4,2,401
DISTLP1,static-8,4,2,402
DISTLP1,static-8,4,2,403
DISTLP1,static-8,4,2,404
DISTLP1,static-8,4,2,405
DISTLP1,static-8,4,2,406
DISTLP1,static-8,4,2,407
DISTLP1,static-8,4,3,408
DISTLP1,static-8,4,3,409
DISTLP1,static-8,4,3,410
DISTLP1,static-8,4,3,411
DISTLP1,static-8,4,3,412
DISTLP1,static-8,4,3,413
DISTLP1,static-8,4,3,414
DISTLP1,static-8,4,3,415
DISTLP1,static-8,4,0,416
DISTLP1,static-8,4,0,417
DISTLP1,static-8,4,0,418
DISTLP1,static-8,4,0,419
DISTLP1,static-8,4,0,420
DISTLP1,static-8,4,0,421
DISTLP1,static-8,4,0,422
DISTLP1,static-8,4,0,423
DISTLP1,static-8,4,1,424
DISTLP1,static-8,4,1,425
DISTLP1,static-8,4,1,426
DISTLP1,static-8,4,1,427
DISTLP1,static-8,4,1,428
DISTLP1,static-8,4,1,429
DISTLP1,static-8,4,1,430
DISTLP1,static-8,4,1,431
DISTLP1,static-8,4,2,432
DISTLP1,static-8,4,2,433
DISTLP1,static-8,4,2,434
DISTLP1,static-8,4,2,435
DISTLP1,static-8,4,2,436
DISTLP1,static-8,4,2,437
DISTLP1,static-8,4,2,438
DISTLP1,static-8,4,2,439
DISTLP1,static-8,4,3,440
DISTLP1,static-8,4,3,441
DISTLP1,static-8,4,3,442
DISTLP1,static-8,4,3,443
DISTLP1,static-8,4,3,444
DISTLP1,static-8,4,3,445
DISTLP1,static-8,4,3,446
DISTLP1,static-8,4,3,447
DISTLP1,static-8,4,0,448
DISTLP1,static-8,4,0,449
DISTLP1,static-8,4,0,450
DISTLP1,static-8,4,0,451
DISTLP1,static-8,4,0,452
DISTLP1,static-8,4,0,453
DISTLP1,static-8,4,0,454
DISTLP1,static-8,4,0,455
DISTLP1,static-8,4,1,456
DISTLP1,static-8,4,1,457
DISTLP1,static-8,4,1,458
DISTLP1,static-8,4,1,459
DISTLP1,static-8,4,1,460
DISTLP1,static-8,4,1,461
DISTLP1,static-8,4,1,462
DISTLP1,static-8,4,1,463
DISTLP1,static-8,4,2,464
DISTLP1,static-8,4,2,465
DISTLP1,static-8,4,2,466
DISTLP1,static-8,4,2,467
DISTLP1,static-8,4,2,468
DISTLP1,static-8,4,2,469
DISTLP1,static-8,4,2,470
DISTLP1,static-8,4,2,471
DISTLP1,static-8,4,3,472
DISTLP1,static-8,4,3,473
DISTLP1,static-8,4,3,474
DISTLP1,static-8,4,3,475
DISTLP1,static-8,4,3,476
DISTLP1,static-8,4,3,477
DISTLP1,static-8,4,3,478
DISTLP1,static-8,4,3,479
DISTLP1,static-8,4,0,480
DISTLP1,static-8,4,0,481
DISTLP1,static-8,4,0,482
DISTLP1,static-8,4,0,483
DISTLP1,static-8,4,0,484
DISTLP1,static-8,4,0,485
DISTLP1,static-8,4,0,486
DISTLP1,static-8,4,0,487
DISTLP1,static-8,4,1,488
DISTLP1,static-8,4,1,489
DISTLP1,static-8,4,1,490
DISTLP1,static-8,4,1,491
DISTLP1,static-8,4,1,492
DISTLP1,static-8,4,1,493
DISTLP1,static-8,4,1,494
DISTLP1,static-8,4,1,495
DISTLP1,static-8,4,2,496
DISTLP1,static-8,4,2,497
DISTLP1,static-8,4,2,498
DISTLP1,static-8,4,2,499
DISTLP1,static-8,4,2,500
DISTLP1,static-8,4,2,501
DISTLP1,static-8,4,2,502
DISTLP1,static-8,4,2,503
DISTLP1,static-8,4,3,504
DISTLP1,static-8,4,3,505
DISTLP1,static-8,4,3,506
DISTLP1,static-8,4,3,507
DISTLP1,static-8,4,3,508
DISTLP1,static-8,4,3,509
DISTLP1,static-8,4,3,510
DISTLP1,static-8,4,3,511
DISTLP1,static-8,4,0,512
DISTLP1,static-8,4,0,513
DISTLP1,static-8,4,0,514
DISTLP1,static-8,4,0,515
DISTLP1,static-8,4,0,516
DISTLP1,static-8,4,0,517
DISTLP1,static-8,4,0,518
DISTLP1,static-8,4,0,519
DISTLP1,static-8,4,1,520
DISTLP1,static-8,4,1,521
DISTLP1,static-8,4,1,522
DISTLP1,static-8,4,1,523
DISTLP1,static-8,4,1,524
DISTLP1,static-8,4,1,525
DISTLP1,static-8,4,1,526
DISTLP1,static-8,4,1,527
DISTLP1,static-8,4,2,528
DISTLP1,static-8,4,2,529
DISTLP1,static-8,4,2,530
DISTLP1,static-8,4,2,531
DISTLP1,static-8,4,2,532
DISTLP1,static-8,4,2,533
DISTLP1,static-8,4,2,534
DISTLP1,static-8,4,2,535
DISTLP1,static-8,4,3,536
DISTLP1,static-8,4,3,537
DISTLP1,static-8,4,3,538
DISTLP1,static-8,4,3,539
DISTLP1,static-8,4,3,540
DISTLP1,static-8,4,3,541
DISTLP1,static-8,4,3,542
DISTLP1,static-8,4,3,543
DISTLP1,static-8,4,0,544
DISTLP1,static-8,4,0,545
DISTLP1,static-8,4,0,546
DISTLP1,static-8,4,0,547
DISTLP1,static-8,4,0,548
DISTLP1,static-8,4,0,549
DISTLP1,static-8,4,0,550
DISTLP1,static-8,4,0,551
DISTLP1,static-8,4,1,552
DISTLP1,static-8,4,1,553
DISTLP1,static-8,4,1,554
DISTLP1,static-8,4,1,555
DISTLP1,static-8,4,1,556
DISTLP1,static-8,4,1,557
DISTLP1,static-8,4,1,558
DISTLP1,static-8,4,1,559
DISTLP1,static-8,4,2,560
DISTLP1,static-8,4,2,561
DISTLP1,static-8,4,2,562
DISTLP1,static-8,4,2,563
DISTLP1,static-8,4,2,564
DISTLP1,static-8,4,2,565
DISTLP1,static-8,4,2,566
DISTLP1,static-8,4,2,567
DISTLP1,static-8,4,3,568
DISTLP1,static-8,4,3,569
DISTLP1,static-8,4,3,570
DISTLP1,static-8,4,3,571
DISTLP1,static-8,4,3,572
DISTLP1,static-8,4,3,573
DISTLP1,static-8,4,3,574
DISTLP1,static-8,4,3,575
DISTLP1,static-8,4,0,576
DISTLP1,static-8,4,0,577
DISTLP1,static-8,4,0,578
DISTLP1,static-8,4,0,579
DISTLP1,static-8,4,0,580
DISTLP1,static-8,4,0,581
DISTLP1,static-8,4,0,582
DISTLP1,static-8,4,0,583
DISTLP1,static-8,4,1,584
DISTLP1,static-8,4,1,585
DISTLP1,static-8,4,1,586
DISTLP1,static-8,4,1,587
DISTLP1,static-8,4,1,588
DISTLP1,static-8,4,1,589
DISTLP1,static-8,4,1,590
DISTLP1,static-8,4,1,591
DISTLP1,static-8,4,2,592
DISTLP1,static-8,4,2,593
DISTLP1,static-8,4,2,594
DISTLP1,static-8,4,2,595
DISTLP1,static-8,4,2,596
DISTLP1,static-8,4,2,597
DISTLP1,static-8,4,2,598
DISTLP1,static-8,4,2,599
DISTLP1,static-8,4,3,600
DISTLP1,static-8,4,3,601
DISTLP1,static-8,4,3,602
DISTLP1,static-8,4,3,603
DISTLP1,static-8,4,3,604
DISTLP1,static-8,4,3,605
DISTLP1,static-8,4,3,606
DISTLP1,static-8,4,3,607
DISTLP1,static-8,4,0,608
DISTLP1,static-8,4,0,609
DISTLP1,static-8,4,0,610
DISTLP1,static-8,4,0,611
DISTLP1,static-8,4,0,612
DISTLP1,static-8,4,0,613
DISTLP1,static-8,4,0,614
DISTLP1,static-8,4,0,615
DISTLP1,static-8,4,1,616
DISTLP1,static-8,4,1,617
DISTLP1,static-8,4,1,618
DISTLP1,static-8,4,1,619
DISTLP1,static-8,4,1,620
DISTLP1,static-8,4,1,621
DISTLP1,static-8,4,1,622
DISTLP1,static-8,4,1,623
DISTLP1,static-8,4,2,624
DISTLP1,static-8,4,2,625
DISTLP1,static-8,4,2,626
DISTLP1,static-8,4,2,627
DISTLP1,static-8,4,2,628
DISTLP1,static-8,4,2,629
DISTLP1,static-8,4,2,630
DISTLP1,static-8,4,2,631
DISTLP1,static-8,4,3,632
DISTLP1,static-8,4,3,633
DISTLP1,static-8,4,3,634
DISTLP1,static-8,4,3,635
DISTLP1,static-8,4,3,636
DISTLP1,static-8,4,3,637
DISTLP1,static-8,4,3,638
DISTLP1,static-8,4,3,639
DISTLP1,static-8,4,0,640
DISTLP1,static-8,4,0,641
DISTLP1,static-8,4,0,642
DISTLP1,static-8,4,0,643
DISTLP1,static-8,4,0,644
DISTLP1,static-8,4,0,645
DISTLP1,static-8,4,0,646
DISTLP1,static-8,4,0,647
DISTLP1,static-8,4,1,648
DISTLP1,static-8,4,1,649
DISTLP1,static-8,4,1,650
DISTLP1,static-8,4,1,651
DISTLP1,static-8,4,1,652
DISTLP1,static-8,4,1,653
DISTLP1,static-8,4,1,654
DISTLP1,static-8,4,1,655
DISTLP1,static-8,4,2,656
DISTLP1,static-8,4,2,657
DISTLP1,static-8,4,2,658
DISTLP1,static-8,4,2,659
DISTLP1,static-8,4,2,660
DISTLP1,static-8,4,2,661
DISTLP1,static-8,4,2,662
DISTLP1,static-8,4,2,663
DISTLP1,static-8,4,3,664
DISTLP1,static-8,4,3,665
DISTLP1,static-8,4,3,666
DISTLP1,static-8,4,3,667
DISTLP1,static-8,4,3,668
DISTLP1,static-8,4,3,669
DISTLP1,static-8,4,3,670
DISTLP1,static-8,4,3,671
DISTLP1,static-8,4,0,672
DISTLP1,static-8,4,0,673
DISTLP1,static-8,4,0,674
DISTLP1,static-8,4,0,675
DISTLP1,static-8,4,0,676
DISTLP1,static-8,4,0,677
DISTLP1,static-8,4,0,678
DISTLP1,static-8,4,0,679
DISTLP1,static-8,4,1,680
DISTLP1,static-8,4,1,681
DISTLP1,static-8,4,1,682
DISTLP1,static-8,4,1,683
DISTLP1,static-8,4,1,684
DISTLP1,static-8,4,1,685
DISTLP1,static-8,4,1,686
DISTLP1,static-8,4,1,687
DISTLP1,static-8,4,2,688
DISTLP1,static-8,4,2,689
DISTLP1,static-8,4,2,690
DISTLP1,static-8,4,2,691
DISTLP1,static-8,4,2,692
DISTLP1,static-8,4,2,693
DISTLP1,static-8,4,2,694
DISTLP1,static-8,4,2,695
DISTLP1,static-8,4,3,696
DISTLP1,static-8,4,3,697
DISTLP1,static-8,4,3,698
DISTLP1,static-8,4,3,699
DISTLP1,static-8,4,3,700
DISTLP1,static-8,4,3,701
DISTLP1,static-8,4,3,702
DISTLP1,static-8,4,3,703
DISTLP1,static-8,4,0,704
DISTLP1,static-8,4,0,705
DISTLP1,static-8,4,0,706
DISTLP1,static-8,4,0,707
DISTLP1,static-8,4,0,708
DISTLP1,static-8,4,0,709
DISTLP1,static-8,4,0,710
DISTLP1,static-8,4,0,711
DISTLP1,static-8,4,1,712
DISTLP1,static-8,4,1,713
DISTLP1,static-8,4,1,714
DISTLP1,static-8,4,1,715
DISTLP1,static-8,4,1,716
DISTLP1,static-8,4,1,717
DISTLP1,static-8,4,1,718
DISTLP1,static-8,4,1,719
DISTLP1,static-8,4,2,720
DISTLP1,static-8,4,2,721
DISTLP1,static-8,4,2,722
DISTLP1,static-8,4,2,723
DISTLP1,static-8,4,2,724
DISTLP1,static-8,4,2,725
DISTLP1,static-8,4,2,726
DISTLP1,static-8,4,2,727
DISTLP1,static-8,4,3,728
